{
  "POST book" : {
    "transaction" : "POST book",
    "sampleCount" : 80,
    "errorCount" : 0,
    "errorPct" : 0.0,
    "meanResTime" : 4.187500000000001,
    "minResTime" : 3.0,
    "maxResTime" : 8.0,
    "pct1ResTime" : 5.0,
    "pct2ResTime" : 6.0,
    "pct3ResTime" : 8.0,
    "throughput" : 17.112299465240643,
    "receivedKBytesPerSec" : 5.0467914438502675,
    "sentKBytesPerSec" : 5.163770053475936
  },
  "DELETE book" : {
    "transaction" : "DELETE book",
    "sampleCount" : 80,
    "errorCount" : 1,
    "errorPct" : 1.25,
    "meanResTime" : 3.9875,
    "minResTime" : 3.0,
    "maxResTime" : 8.0,
    "pct1ResTime" : 5.0,
    "pct2ResTime" : 5.0,
    "pct3ResTime" : 8.0,
    "throughput" : 17.134289997858215,
    "receivedKBytesPerSec" : 2.8251080932747916,
    "sentKBytesPerSec" : 3.446937245662883
  },
  "Total" : {
    "transaction" : "Total",
    "sampleCount" : 400,
    "errorCount" : 1,
    "errorPct" : 0.25,
    "meanResTime" : 4.130000000000003,
    "minResTime" : 3.0,
    "maxResTime" : 41.0,
    "pct1ResTime" : 5.0,
    "pct2ResTime" : 5.0,
    "pct3ResTime" : 7.990000000000009,
    "throughput" : 84.56659619450318,
    "receivedKBytesPerSec" : 27.143482426004226,
    "sentKBytesPerSec" : 19.456923890063422
  },
  "UPDATE book" : {
    "transaction" : "UPDATE book",
    "sampleCount" : 80,
    "errorCount" : 0,
    "errorPct" : 0.0,
    "meanResTime" : 4.1,
    "minResTime" : 3.0,
    "maxResTime" : 7.0,
    "pct1ResTime" : 5.0,
    "pct2ResTime" : 5.0,
    "pct3ResTime" : 7.0,
    "throughput" : 17.130620985010708,
    "receivedKBytesPerSec" : 4.767799785867238,
    "sentKBytesPerSec" : 4.968549250535332
  },
  "GET book" : {
    "transaction" : "GET book",
    "sampleCount" : 80,
    "errorCount" : 0,
    "errorPct" : 0.0,
    "meanResTime" : 3.8500000000000005,
    "minResTime" : 3.0,
    "maxResTime" : 6.0,
    "pct1ResTime" : 4.0,
    "pct2ResTime" : 5.0,
    "pct3ResTime" : 6.0,
    "throughput" : 17.108639863130882,
    "receivedKBytesPerSec" : 4.7570873877245505,
    "sentKBytesPerSec" : 3.07420872540633
  },
  "GET books" : {
    "transaction" : "GET books",
    "sampleCount" : 80,
    "errorCount" : 0,
    "errorPct" : 0.0,
    "meanResTime" : 4.525,
    "minResTime" : 3.0,
    "maxResTime" : 41.0,
    "pct1ResTime" : 5.0,
    "pct2ResTime" : 5.0,
    "pct3ResTime" : 41.0,
    "throughput" : 16.970725498515062,
    "receivedKBytesPerSec" : 9.990395961497665,
    "sentKBytesPerSec" : 3.0162812897751374
  }
}